Trial,Percent Abandoned,Ambulance Utilisation,RRV Utilisation,Mean Response Time,Percent Response < 8,Percent Response < 15,Percent Response < 60,Percent Response within Target
0,0.0,0.3609586378297299,0.14882917485969147,0.00821232036896807,0.1853591936714452,0.7832389671927077,1.0,0.8506204071798579
1,0.0,0.3588475553867313,0.14942682451304884,0.008182554458331938,0.18817399733430268,0.7872288864655277,1.0,0.850882507371057
2,0.0,0.3608891939051761,0.15236762066229914,0.008172351961113239,0.18754724487766064,0.7895365028844241,1.0,0.8545454545454545
3,0.0,0.3625779167814048,0.15027180290860012,0.008220034502322593,0.18246662681809125,0.785694361426579,1.0,0.8467025303845388
4,0.0,0.3593176253763593,0.15039055137691054,0.008156502512583201,0.18655184902016014,0.7908736066959076,1.0,0.8561426099553338
5,0.0,0.3670449212464437,0.15169029714367643,0.00817060415292206,0.18852587764077594,0.7864603785439409,1.0,0.8444592790387183
